{"stats":{"minecraft:killed":{"minecraft:zombie":3},"minecraft:mined":{"minecraft:large_fern":2,"minecraft:grass":1,"minecraft:grass_block":3,"minecraft:dirt":9,"minecraft:dandelion":1,"minecraft:oak_leaves":2},"minecraft:custom":{"minecraft:time_since_rest":27536,"minecraft:crouch_one_cm":458,"minecraft:play_one_minute":27536,"minecraft:sprint_one_cm":36102,"minecraft:damage_taken":124,"tombstone:undead_killed":3,"minecraft:walk_one_cm":54869,"minecraft:sneak_time":308,"minecraft:mob_kills":3,"minecraft:jump":317,"minecraft:damage_dealt":452,"minecraft:leave_game":10,"minecraft:walk_on_water_one_cm":21,"minecraft:time_since_death":27536,"minecraft:fall_one_cm":11179,"minecraft:fly_one_cm":45481},"minecraft:used":{"minecraft:dirt":10,"minecraft:dandelion":1},"minecraft:picked_up":{"minecraft:rotten_flesh":3,"minecraft:dandelion":1,"minecraft:iron_helmet":1,"minecraft:dirt":12,"minecraft:iron_boots":1}},"DataVersion":2586}