{"stats":{"minecraft:killed":{"minecraft:zombie":3},"minecraft:dropped":{"minecraft:dirt":4},"minecraft:mined":{"minecraft:large_fern":2,"minecraft:grass":1,"minecraft:grass_block":3,"minecraft:dirt":28,"minecraft:dandelion":1,"minecraft:oak_leaves":2},"minecraft:custom":{"minecraft:time_since_rest":31833,"minecraft:crouch_one_cm":1152,"minecraft:play_one_minute":31833,"minecraft:sprint_one_cm":36102,"minecraft:damage_taken":124,"tombstone:undead_killed":3,"minecraft:walk_one_cm":56270,"minecraft:sneak_time":573,"minecraft:mob_kills":3,"minecraft:drop":4,"minecraft:jump":320,"minecraft:damage_dealt":452,"minecraft:leave_game":11,"minecraft:walk_on_water_one_cm":21,"minecraft:time_since_death":31833,"minecraft:fall_one_cm":11179,"minecraft:fly_one_cm":45481},"minecraft:used":{"minecraft:dirt":29,"minecraft:dandelion":1},"minecraft:picked_up":{"minecraft:rotten_flesh":3,"minecraft:dandelion":1,"minecraft:iron_helmet":1,"minecraft:dirt":35,"minecraft:iron_boots":1}},"DataVersion":2586}